Title,Media URL,Pinterest board,Description,Link,Publish date,Keywords
Stylish Oversized Cable Knit Sweaters for Effortless Fall Looks,https://images.pexels.com/photos/6630834/pexels-photo-6630834.jpeg,Fall Outfits,"Elevate your wardrobe with these cozy oversized cable knit sweaters, blending style and comfort for effortless everyday looks. Perfect for layering, they offer a timeless, chic vibe with rich textures and versatile fits. Shop now via our affiliate link for unbeatable deals and elevate your outfit game! #OversizedSweaters #CableKnitFashion
<small>#affiliate Disclosure: We do not work for any companies whose products/services are mentioned in our content. Affiliate links may be included, and we may earn a commission at no extra cost to you if you make a purchase through them. This helps support our work in creating more content. Thank you for your support!</small>",https://amzn.to/41wTBCe,2025-09-03 17:51:07,"fall outfits black women,fall outfits women,fall outfits,fall outfits for school,cozy fall outfits"
"Best Fall Nails: Vibrant Orange, Red, and Brown Shades for Cozy Autumn Manicures",https://images.pexels.com/photos/6630834/pexels-photo-6630834.jpeg,Fall Nails,"Discover the best fall nails with vibrant orange, red, and brown shades for cozy, warm manicures that never go out of style. Perfect for adding autumn vibes to your look year-round. Elevate your nails with these trending colors and shop top-rated polishes now via affiliate links! #FallNails #AutumnManicure
<small>#affiliate Disclosure: We do not work for any companies whose products/services are mentioned in our content. Affiliate links may be included, and we may earn a commission at no extra cost to you if you make a purchase through them. This helps support our work in creating more content. Thank you for your support!</small>",https://amzn.to/3Vwjw9s,2025-09-03 18:07:30,"fall nails ideas autumn,simple fall nails,short fall nails,fall nails short,cute fall nails"
"Easy Hairstyles for Girls: 50 Fun Braids, Buns, and Pigtails Ideas",https://images.pexels.com/photos/6630834/pexels-photo-6630834.jpeg,Hairstyles,"Discover 50 easy hairstyles for girls, featuring fun braids, cute buns, and playful pigtails perfect for any occasion! Get simple tutorials to create adorable looks at home. Ideal for beginners—pair with essential hair accessories from our trusted affiliates. Pin and try these styles today! #EasyHairstyles #GirlsHairIdeas
<small>#affiliate Disclosure: We do not work for any companies whose products/services are mentioned in our content. Affiliate links may be included, and we may earn a commission at no extra cost to you if you make a purchase through them. This helps support our work in creating more content. Thank you for your support!</small>",https://amzn.to/3I1NOh9,2025-09-03 18:23:15,"hairstyles for school,hairstyles,fall hairstyles for black women,natural hairstyles for black women,hairstyles for medium length hair"
Cute First Day of School Dresses for Toddler Girls,https://images.pexels.com/photos/6630834/pexels-photo-6630834.jpeg,First Day Of School Outfit,"Discover adorable first day of school dresses for toddler girls—stylish, comfortable options with fun prints and colors for everyday play. Perfect for creating lasting memories. Shop now via my affiliate link for exclusive deals and fast shipping! #ToddlerDresses #CuteSchoolOutfits
<small>#affiliate Disclosure: We do not work for any companies whose products/services are mentioned in our content. Affiliate links may be included, and we may earn a commission at no extra cost to you if you make a purchase through them. This helps support our work in creating more content. Thank you for your support!</small>",https://amzn.to/4lXlyu7,2025-09-03 18:39:01,"first day of school outfit middle school,first day of school outfit summer,first day of school outfit inspo,first day of school outfit ideas,first day of school outfit college"
Essential Winter Hair Braids for Everyday Style,https://images.pexels.com/photos/6630834/pexels-photo-6630834.jpeg,Winter Hair Braid,"Discover essential winter hair braids for effortless everyday style! Perfect for keeping hair cozy and chic in any season. Follow easy tutorials for all hair types and elevate your look with must-have accessories. Shop affiliate links now for the best deals. Pin and try these braids today!
<small>#affiliate Disclosure: We do not work for any companies whose products/services are mentioned in our content. Affiliate links may be included, and we may earn a commission at no extra cost to you if you make a purchase through them. This helps support our work in creating more content. Thank you for your support!</small>",https://amzn.to/4g5Dstr,2025-09-03 18:55:27,winter hair braid
